{
    "PAAL": {"usdt": 199.56, "total": 992.43, "entry": 0.201082192},
    "DEAL": {"usdt": 1056.72, "total": 491.31, "entry": 2.150821274},
    "VRD": {"usdt": 501, "total": 112719.48, "entry": 0.004444662},
    "LAKE": {"usdt": 2096.99, "total": 61552.66, "entry": 0.034068227},
    "SENT": {"usdt": 7207.46, "total": 1247134.54, "entry": 0.005779216},
    "AIX": {"usdt": 3342.96, "total": 24752.59, "entry": 0.135054958},
    "CRE": {"usdt": 9788.82, "total": 17747006, "entry": 0.000551576},
    "ZIG": {"usdt": 2453.25, "total": 5732.4777, "entry": 0.42793},
    "LOCK": {"usdt": 1042.46, "total": 1342.425, "entry": 0.77666},
    "AMO": {"usdt": 2093.68, "total": 857960, "entry": 0.0024403}
}
